sample_row_id,sample_date,sample_datetime,site_name,major_category,sample_location,comments_notes,was_doh_toxin_sample_collected,currently_under_advisory,are_advisory_signs_posted,monitoring_weather_text,bloom_sections,people_using_lake_recreationally,evidence_of_dead_fish_animals,bloom_near_boat_ramp,bloom_extent,inaturalist_link
sample_0001,2021-05-18,2021-05-18T16:00,Roosevelt Lake,Category_1,shore,,,,,,,,,,,
sample_0002,2021-05-18,2021-05-18T16:00,Pleasure Lake,Category_1,shore,,,,,,,,,,,
sample_0003,2021-05-18,2021-05-18T16:15,Cunliff Lake,Category_1,shore,,,,,,,,,,,
sample_0004,2021-06-01,2021-06-01T16:05,Pleasure Lake,Category_1,shore,,,,,,,,,,,
sample_0005,2021-06-01,2021-06-01T16:05,Cunliff Lake,Category_1,shore,,,,,,,,,,,
sample_0006,2021-06-01,2021-06-01T16:05,Roosevelt Lake,Category_1,shore,,,,,,,,,,,
sample_0007,2021-06-15,2021-06-15T16:00,Cunliff Lake,Category_1,shore,,,,,,,,,,,
sample_0008,2021-06-15,2021-06-15T16:00,Pleasure Lake,Category_1,shore,,,,,,,,,,,
sample_0009,2021-07-13,2021-07-13T17:00,Roosevelt Lake,Category_1,shore,,,,,,,,,,,
sample_0010,2021-07-13,2021-07-13T16:45,Polo Lake,Category_1,shore,,,,,,,,,,,
sample_0011,2021-07-13,2021-07-13T17:14,Cunliff Lake,Category_1,shore,,,,,,,,,,,
sample_0012,2021-07-13,2021-07-13T16:45,Pleasure Lake,Category_1,shore,,,,,,,,,,,
sample_0013,2021-07-27,2021-07-27T16:17,Pleasure Lake,Category_1,shore,,,,,,,,,,,
sample_0014,2021-07-27,2021-07-27T17:07,Cunliff Lake,Category_1,shore,,,,,,,,,,,
sample_0015,2021-07-27,2021-07-27T17:17,Polo Lake,Category_1,shore,,,,,,,,,,,
sample_0016,2021-07-27,2021-07-27T17:31,Roosevelt Lake,Category_1,shore,,,,,,,,,,,
sample_0017,2021-08-10,2021-08-10T16:33,Roosevelt Lake,Category_1,shore,,,,,,,,,,,
sample_0018,2021-08-10,2021-08-10T17:16,Pleasure Lake,Category_1,shore,,,,,,,,,,,
sample_0019,2021-08-10,2021-08-10T17:23,Cunliff Lake,Category_1,shore,,,,,,,,,,,
sample_0020,2021-08-24,2021-08-24T17:01,Pleasure Lake,Category_1,shore,,,,,,,,,,,
sample_0021,2021-08-24,2021-08-24T16:50,Cunliff Lake,Category_1,shore,,,,,,,,,,,
sample_0022,2021-08-24,2021-08-24T17:21,Roosevelt Lake,Category_1,shore,,,,,,,,,,,
sample_0023,2021-09-07,2021-09-07T16:45,Roosevelt Lake,Category_1,shore,,,,,,,,,,,
sample_0024,2021-09-07,2021-09-07T17:00,Pleasure Lake,Category_1,shore,,,,,,,,,,,
sample_0025,2021-09-07,2021-09-07T17:15,Cunliff Lake,Category_1,shore,,,,,,,,,,,
sample_0026,2021-09-21,2021-09-21T17:01,Roosevelt Lake,Category_1,shore,,,,,,,,,,,
sample_0027,2021-09-21,2021-09-21T17:25,Elm Lake,Category_1,shore,Bloom looked like paint streaks in Elm_Lake to the right of sample location at outflow,,,,,,,,,,
sample_0028,2021-09-21,2021-09-21T17:15,Pleasure Lake,Category_1,shore,No bloom observed,,,,,,,,,,
sample_0029,2021-09-21,2021-09-21T17:20,Cunliff Lake,Category_1,shore,Difficult to see bloom from first few pictures,,,,,,,,,,
sample_0030,2021-10-05,2021-10-05T16:22,Roosevelt Lake,Category_1,shore,,,,,,,,,,,
sample_0031,2021-10-05,2021-10-05T17:00,Pleasure Lake,Category_1,shore,Potential pollen on water surface,,,,,,,,,,
sample_0032,2021-10-05,2021-10-05T16:35,Cunliff Lake,Category_1,shore,,,,,,,,,,,
sample_0033,2021-10-19,2021-10-19T16:45,Roosevelt Lake,Category_1,shore,,,,,,,,,,,
sample_0034,2021-10-19,2021-10-19T17:15,Cunliff Lake,Category_1,shore,Close-up photo is of a concentrated sample.,,,,,,,,,,
sample_0035,2021-10-19,2021-10-19T17:00,Pleasure Lake,Category_1,shore,The close-up photo is a concentrated sample.,,,,,,,,,,
sample_0036,2021-11-02,2021-11-02T16:47,Pleasure Lake,Category_1,shore,,,,,,,,,,,
sample_0037,2021-11-02,2021-11-02T17:45,Cunliff Lake,Category_1,shore,,,,,,,,,,,
sample_0038,2021-11-02,2021-11-02T18:00,Roosevelt Lake,Category_1,shore,,,,,,,,,,,
sample_0039,2022-05-03,2022-05-03T17:30,Cunliff Lake,Category_1,shore,,,,,,,,,,,
sample_0040,2022-05-03,2022-05-03T17:37,Elm Lake,Category_1,shore,,,,,,,,,,,
sample_0041,2022-05-03,2022-05-03T17:45,Polo Lake,Category_1,shore,,,,,,,,,,,
sample_0042,2022-05-17,2022-05-17T17:20,Polo Lake,Category_1,shore,No blooms present.,,,,,,,,,,
sample_0043,2022-05-17,2022-05-17T17:35,Elm Lake,Category_1,shore,No bloom,,,,,,,,,,
sample_0044,2022-05-17,2022-05-17T17:19,Cunliff Lake,Category_1,shore,No bloom,,,,,,,,,,
sample_0045,2022-05-31,2022-05-31T16:45,Polo Lake,Category_1,shore,,,,,,,,,,,
sample_0046,2022-05-31,2022-05-31T16:40,Cunliff Lake,Category_1,shore,,,,,,,,,,,
sample_0047,2022-05-31,2022-05-31T16:49,Elm Lake,Category_1,shore,,,,,,,,,,,
sample_0048,2022-06-14,2022-06-14T17:15,Roosevelt Lake,Category_1,shore,,,,,,,,,,,
sample_0049,2022-06-14,2022-06-14T17:10,Cunliff Lake,Category_1,shore,,,,,,,,,,,
sample_0050,2022-06-14,2022-06-14T17:23,Elm Lake,Category_1,shore,,,,,,,,,,,
sample_0051,2022-06-14,2022-06-14T17:47,Edgewood Lake,Category_1,shore,,,,,,,,,,,
sample_0052,2022-06-28,2022-06-28T18:28,Cunliff Lake,Category_1,shore,,,,,,,,,,,
sample_0053,2022-06-28,2022-06-28T18:34,Elm Lake,Category_1,shore,,,,,,,,,,,
sample_0054,2022-06-28,2022-06-28T18:41,Elm Lake,Category_1,shore,,,,,,,,,,,
sample_0055,2022-06-28,2022-06-28T18:46,Polo Lake,Category_1,shore,,,,,,,,,,,
sample_0056,2022-07-26,2022-07-26T18:04,Cunliff Lake,Category_1,shore,,,,,,,,,,,
sample_0057,2022-07-26,2022-07-26T18:12,Elm Lake,Category_1,shore,,,,,,,,,,,
sample_0058,2022-07-26,2022-07-26T18:28,Polo Lake,Category_1,shore,,,,,,,,,,,
sample_0059,2022-08-23,2022-08-23T17:20,Elm Lake,Category_1,shore,,,,,,,,,,,
sample_0060,2022-08-23,2022-08-23T17:35,Polo Lake,Category_1,shore,,,,,,,,,,,
sample_0061,2022-08-23,2022-08-23T17:15,Cunliff Lake,Category_1,shore,,,,,,,,,,,
sample_0062,2022-09-20,2022-09-20T17:25,Polo Lake,Category_1,shore,,,,,,,,,,,
sample_0063,2022-09-20,2022-09-20T17:28,Elm Lake,Category_1,shore,,,,,,,,,,,
sample_0064,2022-09-20,2022-09-20T17:19,Cunliff Lake,Category_1,shore,,,,,,,,,,,
sample_0065,2022-10-04,2022-10-04T16:30,Cunliff Lake,Category_1,shore,,,,,,,,,,,
sample_0066,2022-10-04,2022-10-04T16:45,Elm Lake,Category_1,shore,,,,,,,,,,,
sample_0067,2022-10-04,2022-10-04T16:53,Edgewood Lake,Category_1,shore,,,,,,,,,,,
sample_0068,2022-10-18,2022-10-18T16:30,Cunliff Lake,Category_1,shore,,,,,,,,,,,
sample_0069,2022-10-18,2022-10-18T16:30,Elm Lake,Category_1,shore,,,,,,,,,,,
sample_0070,2022-10-18,2022-10-18T17:00,Polo Lake,Category_1,shore,,,,,,,,,,,
sample_0071,2023-06-20,2023-06-20T14:39,Spectacle Pond,Category_2,shore,,No,No,No,Sunny,,No,No,No,No bloom,
sample_0072,2023-06-20,2023-06-20T14:54,Mashapaug Pond,Category_2,shore,Sample collected at 2:54 pm at JT Owens Park boatramp,Yes,No,No,"Sunny,Partly_Cloudy","North,South,East,West,North_East,North_West,South_East,South_West",No,No,Yes,Greater than 75%,
sample_0073,2023-07-21,2023-07-21T12:43,Spectacle Pond,Category_2,shore,,No,No,No,"Overcast,Humid",,No,No,No,No bloom,
sample_0074,2023-07-21,2023-07-21T13:02,Mashapaug Pond,Category_2,shore,,No,No,Yes,"Partly_Cloudy,Humid",,No,No,Yes,No bloom,
sample_0075,2023-07-31,2023-07-31T13:00,Spectacle Pond,Category_2,shore,,No,No,No,Sunny,,Yes,No,No,No bloom,
sample_0076,2023-07-31,2023-07-31T13:16,Mashapaug Pond,Category_2,shore,,No,No,No,Sunny,,Yes,No,Yes,No bloom,
sample_0077,2023-07-31,2023-07-31T16:31,Polo Lake,Category_1,shore,Bloom,Yes,No,No,Sunny,South,Yes,No,Yes,Less than 50%,
sample_0078,2023-07-31,2023-07-31T16:44,Willow Lake,Category_1,shore,Bloom,Yes,No,Yes,Sunny,West,Yes,No,No,Less than 50%,
sample_0079,2023-08-15,2023-08-15T12:35,Spectacle Pond,Category_2,shore,,No,Yes,No,Overcast,,No,No,No,No bloom,
sample_0080,2023-08-15,2023-08-15T12:51,Mashapaug Pond,Category_2,shore,,No,No,Yes,Overcast,,Yes,No,Yes,No bloom,
sample_0081,2023-08-16,2023-08-16T12:09,Willow Lake,Category_1,shore,,Yes,No,Yes,Overcast,West,Yes,No,Yes,Less than 50%,
sample_0082,2023-08-30,2023-08-30T08:04,Roosevelt Lake,Category_1,shore,,No,Yes,Yes,Rainy,,No,No,No,No bloom,
sample_0083,2023-09-01,2023-09-01T12:16,Spectacle Pond,Category_2,shore,,No,No,No,"Sunny,Windy",,No,No,No,No bloom,
sample_0084,2023-09-01,2023-09-01T12:29,Mashapaug Pond,Category_2,shore,,No,No,Yes,"Sunny,Windy",,Yes,No,Yes,No bloom,
sample_0085,2023-09-11,2023-09-11T10:59,Spectacle Pond,Category_2,shore,,No,No,No,Partly_Cloudy,,No,No,No,No bloom,
sample_0086,2023-09-11,2023-09-11T11:11,Mashapaug Pond,Category_2,shore,,No,No,No,Partly_Cloudy,,Yes,No,Yes,No bloom,
sample_0087,2023-09-14,2023-09-14T08:09,Roosevelt Lake,Category_1,shore,,No,Yes,Yes,Partly_Cloudy,,Yes,No,No,No bloom,
sample_0088,2023-09-26,2023-09-26T08:00,Roosevelt Lake,Category_1,shore,,No,Yes,Yes,Overcast,,Yes,No,No,No bloom,
sample_0089,2023-09-28,2023-09-28T10:50,Spectacle Pond,Category_2,shore,,No,No,No,"Sunny,Partly_Cloudy",,No,No,No,No bloom,
sample_0090,2023-09-28,2023-09-28T11:09,Mashapaug Pond,Category_2,shore,,No,No,Yes,"Sunny,Partly_Cloudy",,Yes,No,Yes,No bloom,
sample_0091,2024-06-14,2024-06-14T08:31,Roosevelt Lake,Category_1,shore,,No,No,Yes,Sunny,,No,No,No,No bloom,
sample_0092,2024-06-14,2024-06-14T09:29,Cunliff Lake,Category_1,shore,,No,No,Yes,"Sunny,Windy",,No,No,Yes,No bloom,
sample_0093,2024-06-14,2024-06-14T09:41,Deep Spring Lake,Category_1,shore,,No,No,No,"Sunny,Windy",,No,No,No,No bloom,
sample_0094,2024-06-14,2024-06-14T09:07,Polo Lake,Category_1,shore,,,No,Yes,Sunny,,Yes,No,No,No bloom,
sample_0095,2024-06-14,2024-06-14T11:16,Fenner Pond,Category_1,shore,,,No,No,Sunny,,No,No,No,No bloom,
sample_0096,2024-06-14,2024-06-14T10:07,Mashapaug Pond,Category_2,shore,,,Yes,Yes,Sunny,,No,No,Yes,No bloom,
sample_0097,2024-06-21,2024-06-21T08:50,Roosevelt Lake,Category_1,shore,,,No,Yes,Sunny,,No,No,No,No bloom,
sample_0098,2024-06-21,2024-06-21T09:15,Polo Lake,Category_1,shore,,,No,Yes,"Sunny,Humid",,No,No,No,No bloom,
sample_0099,2024-06-21,2024-06-21T10:35,Fenner Pond,Category_1,shore,,,No,No,"Sunny,Humid",,No,No,No,No bloom,
sample_0100,2024-06-21,2024-06-21T11:09,Mashapaug Pond,Category_2,shore,,,No,No,"Sunny,Humid",,No,No,Yes,No bloom,
sample_0101,2024-06-21,2024-06-21T11:24,Spectacle Pond,Category_2,shore,,,No,No,"Sunny,Humid",,No,No,No,No bloom,
sample_0102,2024-06-21,2024-06-21T12:00,Tongue Pond,Category_2,shore,,,No,No,"Sunny,Humid",,No,No,No,No bloom,
sample_0103,2024-06-21,2024-06-21T09:55,Deep Spring Lake,Category_1,shore,,,No,No,"Sunny,Humid",,No,No,No,No bloom,
sample_0104,2024-06-21,2024-06-21T09:36,Cunliff Lake,Category_1,shore,,,No,Yes,"Sunny,Humid","South,South_East,South_West",No,No,Yes,Isolated to small sections,http://www.inaturalist.org/observations/224233866 http://www.inaturalist.org/observations/224234503
sample_0105,2024-06-28,2024-06-28T08:40,Roosevelt Lake,Category_1,shore,,,No,Yes,"Sunny,Windy",,No,No,No,No bloom,
sample_0106,2024-06-28,2024-06-28T09:00,Polo Lake,Category_1,shore,,,No,Yes,"Sunny,Windy",,No,No,No,No bloom,
sample_0107,2024-06-28,2024-06-28T09:32,Cunliff Lake,Category_1,shore,,,Yes,Yes,"Sunny,Windy",,Yes,No,Yes,Isolated to small sections,
sample_0108,2024-06-28,2024-06-28T09:49,Deep Spring Lake,Category_1,shore,,,No,No,"Sunny,Windy",,No,No,No,No bloom,
sample_0109,2024-06-28,2024-06-28T10:10,Fenner Pond,Category_1,shore,,,No,No,"Sunny,Windy",,No,No,No,No bloom,
sample_0110,2024-06-28,2024-06-28T10:35,Mashapaug Pond,Category_2,shore,,,No,Yes,"Sunny,Windy",,No,No,No,No bloom,
sample_0111,2024-06-28,2024-06-28T10:48,Spectacle Pond,Category_2,shore,,,No,No,"Sunny,Windy",,No,No,No,No bloom,
sample_0112,2024-06-28,2024-06-28T11:08,Tongue Pond,Category_2,shore,,,No,No,"Sunny,Windy",,No,No,No,No bloom,
sample_0113,2024-07-03,2024-07-03T08:34,Roosevelt Lake,Category_1,shore,,,No,Yes,"Sunny,Partly_Cloudy",,No,No,No,No bloom,
sample_0114,2024-07-03,2024-07-03T08:52,Polo Lake,Category_1,shore,,,No,Yes,Sunny,,Yes,No,Yes,No bloom,
sample_0115,2024-07-03,2024-07-03T09:10,Cunliff Lake,Category_1,shore,,,No,Yes,Sunny,"South,South_West",No,No,Yes,Less than 50%,
sample_0116,2024-07-03,2024-07-03T10:11,Fenner Pond,Category_1,shore,,,No,No,Sunny,,No,No,No,No bloom,
sample_0117,2024-07-03,2024-07-03T10:58,Spectacle Pond,Category_2,shore,,,No,No,"Sunny,Partly_Cloudy",,No,No,No,No bloom,
sample_0118,2024-07-03,2024-07-03T11:01,Mashapaug Pond,Category_2,shore,,,No,Yes,Sunny,,Yes,No,Yes,No bloom,
sample_0119,2024-07-03,2024-07-03T11:18,Tongue Pond,Category_2,shore,,,No,No,Sunny,,No,No,No,No bloom,
sample_0120,2024-07-03,2024-07-03T09:30,Deep Spring Lake,Category_1,shore,,,No,No,Sunny,North_East,No,No,No,Less than 50%,https://www.inaturalist.org/observations/226944195 https://www.inaturalist.org/observations/226944760
sample_0121,2024-07-12,2024-07-12T08:44,Mashapaug Pond,Category_2,shore,Mashapaug Pond Boat Ramp,,No,Yes,Partly_Cloudy,,Yes,No,Yes,No bloom,
sample_0122,2024-07-12,2024-07-12T09:11,Tongue Pond,Category_2,shore,,,No,No,"Overcast,Humid",,No,No,No,No bloom,
sample_0123,2024-07-12,2024-07-12T10:01,Spectacle Pond,Category_2,shore,,,No,No,Partly_Cloudy,,No,No,No,No bloom,
sample_0124,2024-07-12,2024-07-12T10:30,Fenner Pond,Category_1,shore,,,No,No,"Sunny,Partly_Cloudy,Humid",,No,No,No,No bloom,
sample_0125,2024-07-12,2024-07-12T11:04,Roosevelt Lake,Category_1,shore,,,No,Yes,"Partly_Cloudy,Humid",,No,No,No,No bloom,
sample_0126,2024-07-12,2024-07-12T11:24,Polo Lake,Category_1,shore,,,Yes,Yes,"Overcast,Humid",,No,No,Yes,No bloom,
sample_0127,2024-07-12,2024-07-12T11:41,Cunliff Lake,Category_1,shore,,,Yes,Yes,"Overcast,Humid",,No,No,Yes,No bloom,
sample_0128,2024-07-12,2024-07-12T11:53,Deep Spring Lake,Category_1,shore,,,Yes,No,"Windy,Overcast,Humid",,No,No,No,No bloom,
sample_0129,2024-07-18,2024-07-18T08:50,Roosevelt Lake,Category_1,shore,,,No,Yes,"Partly_Cloudy,Overcast",,No,Yes,No,No bloom,
sample_0130,2024-07-18,2024-07-18T09:18,Polo Lake,Category_1,shore,Microcystins 2.5 ppb,,Yes,Yes,"Partly_Cloudy,Humid",,No,No,Yes,No bloom,
sample_0131,2024-07-18,2024-07-18T09:38,Cunliff Lake,Category_1,shore,Microcystins 2.5 ppb,,Yes,,"Overcast,Humid",South_West,Yes,No,Yes,Isolated to small sections,
sample_0132,2024-07-18,2024-07-18T09:51,Deep Spring Lake,Category_1,shore,Microcystins 5 ppb,,Yes,Yes,"Overcast,Humid",,No,No,No,No bloom,
sample_0133,2024-07-18,2024-07-18T10:41,Mashapaug Pond,Category_2,shore,Microcystins 2.5 ppb,,No,Yes,"Overcast,Humid",West,No,No,Yes,,
sample_0134,2024-07-18,2024-07-18T10:16,Fenner Pond,Category_1,shore,,,No,No,"Overcast,Humid",,No,No,No,No bloom,
sample_0135,2024-07-18,2024-07-18T10:58,Spectacle Pond,Category_2,shore,,,No,No,"Partly_Cloudy,Humid",,No,No,No,No bloom,
sample_0136,2024-07-18,2024-07-18T11:18,Tongue Pond,Category_2,shore,,,No,No,"Partly_Cloudy,Humid",,No,No,No,No bloom,
sample_0137,2024-07-26,2024-07-26T08:38,Mashapaug Pond,Category_2,shore,,,No,Yes,"Sunny,Windy",,No,No,Yes,No bloom,
sample_0138,2024-07-26,2024-07-26T09:07,Tongue Pond,Category_2,shore,,,No,No,"Sunny,Windy",,No,No,No,No bloom,
sample_0139,2024-07-26,2024-07-26T09:23,Spectacle Pond,Category_2,shore,,,No,No,"Sunny,Windy",,No,No,No,No bloom,
sample_0140,2024-07-26,2024-07-26T09:52,Fenner Pond,Category_1,shore,,,No,No,"Sunny,Windy",,No,No,No,No bloom,
sample_0141,2024-07-26,2024-07-26T11:05,Roosevelt Lake,Category_1,shore,,,No,Yes,"Sunny,Windy",,Yes,No,Yes,No bloom,
sample_0142,2024-07-26,2024-07-26T11:25,Polo Lake,Category_1,shore,,,Yes,Yes,"Sunny,Windy",,No,No,Yes,No bloom,
sample_0143,2024-07-26,2024-07-26T11:44,Cunliff Lake,Category_1,shore,,,Yes,Yes,"Sunny,Windy",South_West,No,No,Yes,Less than 50%,
sample_0144,2024-07-26,2024-07-26T11:52,Deep Spring Lake,Category_1,shore,,,Yes,Yes,"Sunny,Windy",,No,No,No,No bloom,
sample_0145,2024-08-01,2024-08-01T08:36,Roosevelt Lake,Category_1,shore,,,Yes,Yes,"Sunny,Humid","North,North_East",No,No,No,Less than 50%,https://www.inaturalist.org/observations/233128594 https://www.inaturalist.org/observations/233128593
sample_0146,2024-08-01,2024-08-01T09:01,Polo Lake,Category_1,shore,,,Yes,Yes,"Sunny,Humid","South,South_West",No,No,No,Less than 50%,
sample_0147,2024-08-01,2024-08-01T09:16,Cunliff Lake,Category_1,shore,,,Yes,Yes,"Sunny,Partly_Cloudy,Humid",,Yes,No,Yes,No bloom,
sample_0148,2024-08-01,2024-08-01T09:29,Deep Spring Lake,Category_1,shore,,,Yes,Yes,,,No,No,No,No bloom,
sample_0149,2024-08-01,2024-08-01T09:58,Fenner Pond,Category_1,shore,,,No,No,"Sunny,Windy,Humid",,No,No,No,No bloom,
sample_0150,2024-08-01,2024-08-01T10:16,Spectacle Pond,Category_2,shore,,,No,No,"Sunny,Partly_Cloudy,Humid","South,South_East",No,No,No,Less than 50%,https://www.inaturalist.org/observations/233128000 https://www.inaturalist.org/observations/233127999 https://www.inaturalist.org/observations/233127998
sample_0151,2024-08-01,2024-08-01T10:41,Tongue Pond,Category_2,shore,,,No,No,"Sunny,Partly_Cloudy",,No,No,No,No bloom,
sample_0152,2024-08-01,2024-08-01T11:00,Mashapaug Pond,Category_2,shore,,,Yes,Yes,"Sunny,Partly_Cloudy",,No,No,Yes,,
sample_0153,2024-08-15,2024-08-15T09:40,Roosevelt Lake,Category_1,shore,,,Yes,Yes,Partly_Cloudy,"North,South,East,West",No,No,No,Greater than 75%,
sample_0154,2024-08-15,2024-08-15T09:58,Polo Lake,Category_1,shore,,,Yes,Yes,Partly_Cloudy,,No,No,No,No bloom,
sample_0155,2024-08-15,2024-08-15T10:26,Cunliff Lake,Category_1,shore,Faint bloom present near boat ramp. Looks like there might be more further in the lake but can’t tell from the access point.,,Yes,Yes,Partly_Cloudy,South_West,Yes,No,Yes,Isolated to small sections,
sample_0156,2024-08-15,2024-08-15T10:39,Deep Spring Lake,Category_1,shore,,,Yes,Yes,"Sunny,Humid","North,South,East,West",No,No,No,Greater than 75%,
sample_0157,2024-08-15,2024-08-15T10:58,Fenner Pond,Category_1,shore,,,No,No,"Sunny,Humid",,No,No,No,No bloom,
sample_0158,2024-08-15,2024-08-15T11:32,Spectacle Pond,Category_2,shore,Swirls on surface near shore. Rest looks pea soup like but hard to tell if it’s also bloom from where we were standing.,,No,No,"Sunny,Humid",South_East,No,No,No,Less than 50%,
sample_0159,2024-08-15,2024-08-15T11:58,Mashapaug Pond,Category_2,shore,Some small cloudy pea soup like areas and paint swirls further south along shore from access point.,,Yes,Yes,"Sunny,Humid",South,No,No,Yes,Isolated to small sections,
sample_0160,2024-08-15,2024-08-15T12:17,Tongue Pond,Category_2,shore,Potential swirls in the distance but couldn’t tell if it was cyanobacteria or not.,,No,No,"Sunny,Humid",,No,No,No,No bloom,
sample_0161,2024-08-30,2024-08-30T09:37,Roosevelt Lake,Category_1,shore,No cyanoscope sample taken or toxin test since advisory already in place.,,Yes,Yes,Sunny,North_East,No,No,No,Isolated to small sections,
sample_0162,2024-08-30,2024-08-30T10:21,Polo Lake,Category_1,shore,No cyanoscope or toxin test since advisory already in place. Bloom looked pretty brown and grass had recently been mowed.,,Yes,Yes,Sunny,South,No,No,No,Less than 50%,
sample_0163,2024-08-30,2024-08-30T10:59,Deep Spring Lake,Category_1,shore,Overall water quality looked poor and water had green tint/pea soup color. No cyanoscope or toxin test taken since already under advisory,,Yes,Yes,Sunny,,No,No,No,No bloom,
sample_0164,2024-08-30,2024-08-30T11:15,Fenner Pond,Category_1,shore,Water very brown and scummy. No cyanoscope sample because no bloom present.,,No,No,Sunny,,No,No,No,No bloom,
sample_0165,2024-08-30,2024-08-30T11:46,Mashapaug Pond,Category_2,shore,One person kayaking and one fishing at boat ramp. No cyanoscope or toxin test since under advisory. No clean bloom but water was pretty murky,,Yes,Yes,Sunny,,Yes,No,Yes,No bloom,
sample_0166,2024-08-30,2024-08-30T12:00,Spectacle Pond,Category_2,shore,,,No,No,Sunny,,No,No,No,No bloom,
sample_0167,2024-08-30,2024-08-30T12:35,Tongue Pond,Category_2,shore,,,No,No,Sunny,South,No,No,No,Less than 50%,
sample_0168,2024-09-06,2024-09-06T09:05,Roosevelt Lake,Category_1,shore,,,Yes,Yes,Overcast,,No,No,No,No bloom,
sample_0169,2024-09-06,2024-09-06T09:40,Polo Lake,Category_1,shore,,,Yes,Yes,Overcast,South,No,No,No,Isolated to small sections,
sample_0170,2024-09-06,2024-09-06T10:02,Cunliff Lake,Category_1,shore,,,Yes,Yes,Overcast,"North,South,East,West,North_East,North_West,South_East,South_West",No,No,Yes,Greater than 75%,
sample_0171,2024-09-06,2024-09-06T10:13,Deep Spring Lake,Category_1,shore,Pond and lake connection was treating waterbodies,,Yes,Yes,Overcast,,No,No,No,No bloom,
sample_0172,2024-09-06,2024-09-06T10:33,Fenner Pond,Category_1,shore,Murky green brown across pond,,No,No,Overcast,,No,No,No,No bloom,
sample_0173,2024-09-06,2024-09-06T10:57,Mashapaug Pond,Category_2,shore,EPA water quality buoy has been installed. Water was green and murky,,Yes,Yes,Partly_Cloudy,,No,No,Yes,No bloom,
sample_0174,2024-09-06,2024-09-06T11:03,Spectacle Pond,Category_2,shore,,,No,No,Partly_Cloudy,,No,No,No,No bloom,
sample_0175,2024-09-06,2024-09-06T11:24,Tongue Pond,Category_2,shore,,,No,No,Partly_Cloudy,,No,No,No,No bloom,
sample_0176,2024-09-13,2024-09-13T09:45,Roosevelt Lake,Category_1,shore,,,Yes,Yes,Sunny,,No,No,No,No bloom,
sample_0177,2024-09-13,2024-09-13T10:00,Polo Lake,Category_1,shore,,,Yes,Yes,Sunny,,No,No,No,No bloom,
sample_0178,2024-09-13,2024-09-13T10:10,Cunliff Lake,Category_1,shore,,,Yes,Yes,Sunny,"North,South,East,West,North_East,North_West,South_East,South_West",Yes,No,Yes,Greater than 75%,
sample_0179,2024-09-13,2024-09-13T10:20,Deep Spring Lake,Category_1,shore,,,Yes,Yes,Sunny,"North,South,East,West,North_East,North_West,South_East,South_West",No,No,No,Greater than 75%,
sample_0180,2024-09-13,2024-09-13T10:45,Fenner Pond,Category_1,shore,,,No,No,Sunny,,No,No,No,No bloom,
sample_0181,2024-09-13,2024-09-13T11:10,Mashapaug Pond,Category_2,shore,,,Yes,Yes,Sunny,,No,No,Yes,No bloom,
sample_0182,2024-09-13,2024-09-13T11:30,Spectacle Pond,Category_2,shore,,,No,No,Partly_Cloudy,,No,No,No,No bloom,
sample_0183,2024-09-13,2024-09-13T12:00,Tongue Pond,Category_2,shore,,,No,No,Sunny,,No,No,No,No bloom,
sample_0184,2024-09-19,2024-09-19T10:15,Roosevelt Lake,Category_1,shore,,,Yes,Yes,"Windy,Overcast",,No,No,No,No bloom,
sample_0185,2024-09-19,2024-09-19T10:35,Polo Lake,Category_1,shore,,,Yes,Yes,"Windy,Overcast",,No,No,No,No bloom,
sample_0186,2024-09-19,2024-09-19T10:50,Deep Spring Lake,Category_1,shore,,,Yes,Yes,"Windy,Overcast",,No,No,No,No bloom,
sample_0187,2024-09-19,2024-09-19T11:24,Fenner Pond,Category_1,shore,,,No,No,"Windy,Overcast",,No,No,No,No bloom,
sample_0188,2024-09-19,2024-09-19T11:50,Mashapaug Pond,Category_2,shore,,,Yes,Yes,"Windy,Overcast",,No,No,Yes,No bloom,
sample_0189,2024-09-19,2024-09-19T12:10,Spectacle Pond,Category_2,shore,,,No,No,Overcast,,No,No,No,No bloom,
sample_0190,2024-09-19,2024-09-19T12:30,Tongue Pond,Category_2,shore,,,No,No,"Windy,Overcast",,No,No,No,No bloom,
sample_0191,2024-09-19,2024-09-19T10:40,Cunliff Lake,Category_1,shore,,,Yes,Yes,Overcast,"North,South,East,West,North_East,North_West,South_East,South_West",Yes,No,Yes,Greater than 75%,
sample_0192,2024-09-26,2024-09-26T09:25,Roosevelt Lake,Category_1,shore,,,Yes,Yes,Overcast,,No,No,No,No bloom,
sample_0193,2024-09-26,2024-09-26T09:40,Polo Lake,Category_1,shore,,,Yes,Yes,Overcast,,Yes,No,No,No bloom,
sample_0194,2024-09-26,2024-09-26T10:00,Cunliff Lake,Category_1,shore,Big bloom,,Yes,Yes,Overcast,"North,South,East,West,North_East,North_West,South_East,South_West",No,No,Yes,Greater than 75%,
sample_0195,2024-09-26,2024-09-26T10:20,Deep Spring Lake,Category_1,shore,,,Yes,Yes,Overcast,"North,South,East,West,North_East,North_West,South_East,South_West",No,No,No,Greater than 75%,
sample_0196,2024-09-26,2024-09-26T10:36,Fenner Pond,Category_1,shore,,,No,No,Overcast,,No,No,No,No bloom,
sample_0197,2024-09-26,2024-09-26T10:55,Mashapaug Pond,Category_2,shore,,,Yes,Yes,Overcast,South_West,No,No,Yes,Isolated to small sections,
sample_0198,2024-09-26,2024-09-26T11:15,Spectacle Pond,Category_2,shore,,,Yes,No,Overcast,,No,No,No,No bloom,
sample_0199,2024-09-26,2024-09-26T11:35,Tongue Pond,Category_2,shore,,,No,No,Overcast,,No,No,No,No bloom,
sample_0200,2024-10-04,2024-10-04T08:50,Roosevelt Lake,Category_1,shore,Swirls on surface were faint but present over most of the surface of the pond.,,Yes,Yes,"Sunny,Partly_Cloudy",North,No,No,No,Greater than 75%,
sample_0201,2024-10-04,2024-10-04T09:06,Polo Lake,Category_1,shore,,,Yes,Yes,"Sunny,Partly_Cloudy",,No,No,No,No bloom,
sample_0202,2024-10-04,2024-10-04T09:25,Cunliff Lake,Category_1,shore,,,Yes,Yes,"Sunny,Partly_Cloudy","North,South,East,West",No,No,Yes,Greater than 75%,
sample_0203,2024-10-04,2024-10-04T09:38,Deep Spring Lake,Category_1,shore,,,Yes,Yes,"Sunny,Partly_Cloudy","North,South,East,West",No,No,No,Greater than 75%,
sample_0204,2024-10-04,2024-10-04T10:01,Fenner Pond,Category_1,shore,Water looks clear close to shore but opaque and brown further out. Can’t tell if it’s a bloom or not from shore.,,No,No,"Sunny,Partly_Cloudy",,No,No,No,No bloom,
sample_0205,2024-10-04,2024-10-04T10:24,Mashapaug Pond,Category_2,shore,Bloom extends along shoreline. Can’t see full extent.,,Yes,Yes,"Sunny,Partly_Cloudy",West,No,No,Yes,Less than 50%,
sample_0206,2024-10-04,2024-10-04T10:50,Spectacle Pond,Category_2,shore,,,No,No,"Sunny,Partly_Cloudy",,No,No,No,No bloom,
sample_0207,2024-10-04,2024-10-04T11:08,Tongue Pond,Category_2,shore,,,No,No,"Sunny,Partly_Cloudy",,No,No,No,No bloom,
sample_0208,2024-10-11,2024-10-11T09:18,Roosevelt Lake,Category_1,shore,,,Yes,Yes,Sunny,,No,No,No,No bloom,
sample_0209,2024-10-11,2024-10-11T09:42,Polo Lake,Category_1,shore,,,Yes,Yes,Sunny,,No,No,No,No bloom,
sample_0210,2024-10-11,2024-10-11T10:04,Cunliff Lake,Category_1,shore,,,Yes,Yes,Sunny,,Yes,No,Yes,No bloom,
sample_0211,2024-10-11,2024-10-11T10:20,Deep Spring Lake,Category_1,shore,Small visible bloom isolated to north east shoreline,,Yes,Yes,Sunny,North_East,No,No,No,Isolated to small sections,
sample_0212,2024-10-11,2024-10-11T11:01,Fenner Pond,Category_1,shore,,,No,No,Sunny,,No,No,No,No bloom,
sample_0213,2024-10-11,2024-10-11T11:20,Spectacle Pond,Category_2,shore,,,No,No,Sunny,,No,No,No,No bloom,
sample_0214,2024-10-11,2024-10-11T11:38,Mashapaug Pond,Category_2,shore,,,Yes,Yes,Sunny,,No,No,Yes,No bloom,
sample_0215,2024-10-11,2024-10-11T12:00,Tongue Pond,Category_2,shore,,,No,No,Sunny,,No,No,No,No bloom,
sample_0216,2024-10-18,2024-10-18T09:18,Roosevelt Lake,Category_1,shore,,,Yes,Yes,"Sunny,Windy",,No,No,No,No bloom,
sample_0217,2024-10-18,2024-10-18T09:30,Polo Lake,Category_1,shore,,,Yes,Yes,"Sunny,Windy",,No,No,No,No bloom,
sample_0218,2024-10-18,2024-10-18T09:45,Cunliff Lake,Category_1,shore,,,Yes,Yes,"Sunny,Windy",,No,No,Yes,No bloom,
sample_0219,2024-10-18,2024-10-18T09:55,Deep Spring Lake,Category_1,shore,Milky color,,Yes,Yes,"Sunny,Windy",,No,No,No,No bloom,
sample_0220,2024-10-18,2024-10-18T10:05,Fenner Pond,Category_1,shore,,,No,No,Sunny,,No,No,No,No bloom,
sample_0221,2024-10-18,2024-10-18T10:25,Spectacle Pond,Category_2,shore,,,No,No,"Sunny,Windy",,No,No,No,No bloom,
sample_0222,2024-10-18,2024-10-18T10:40,Mashapaug Pond,Category_2,shore,,,Yes,Yes,Sunny,,No,No,Yes,No bloom,
sample_0223,2024-10-18,2024-10-18T11:10,Tongue Pond,Category_2,shore,,,No,No,Sunny,,No,No,No,No bloom,
sample_0224,2024-10-24,2024-10-24T09:20,Roosevelt Lake,Category_1,shore,,,Yes,Yes,Sunny,,No,No,No,No bloom,
sample_0225,2024-10-24,2024-10-24T09:40,Polo Lake,Category_1,shore,,,Yes,Yes,Partly_Cloudy,South,No,No,No,Isolated to small sections,
sample_0226,2024-10-24,2024-10-24T10:00,Cunliff Lake,Category_1,shore,,,Yes,Yes,"Windy,Partly_Cloudy",,No,No,Yes,No bloom,
sample_0227,2024-10-24,2024-10-24T10:07,Deep Spring Lake,Category_1,shore,,,Yes,Yes,"Windy,Partly_Cloudy",,No,No,No,No bloom,
sample_0228,2024-10-24,2024-10-24T10:30,Fenner Pond,Category_1,shore,,,No,No,Sunny,,No,No,No,No bloom,
sample_0229,2024-10-24,2024-10-24T10:50,Spectacle Pond,Category_2,shore,,,No,No,"Sunny,Windy",,No,No,No,No bloom,
sample_0230,2024-10-24,2024-10-24T11:10,Mashapaug Pond,Category_2,shore,,,Yes,Yes,Sunny,,No,No,Yes,No bloom,
sample_0231,2024-10-24,2024-10-24T11:24,Tongue Pond,Category_2,shore,,,No,No,"Sunny,Windy",,No,No,No,No bloom,
sample_0232,2024-10-31,2024-10-31T09:25,Roosevelt Lake,Category_1,shore,,,Yes,Yes,Sunny,,No,No,No,No bloom,
sample_0233,2024-10-31,2024-10-31T09:35,Polo Lake,Category_1,shore,,,Yes,Yes,Sunny,,No,No,No,No bloom,
sample_0234,2024-10-31,2024-10-31T09:50,Cunliff Lake,Category_1,shore,,,Yes,Yes,Sunny,,No,No,Yes,No bloom,
sample_0235,2024-10-31,2024-10-31T09:55,Deep Spring Lake,Category_1,shore,,,Yes,Yes,Sunny,,No,No,No,No bloom,
sample_0236,2024-10-31,2024-10-31T10:25,Fenner Pond,Category_1,shore,,,No,No,Sunny,,No,No,No,No bloom,
sample_0237,2024-10-31,2024-10-31T10:45,Spectacle Pond,Category_2,shore,,,No,No,Sunny,,No,No,No,No bloom,
sample_0238,2024-10-31,2024-10-31T11:05,Mashapaug Pond,Category_2,shore,,,Yes,Yes,Sunny,,Yes,No,Yes,No bloom,
sample_0239,2024-10-31,2024-10-31T11:20,Tongue Pond,Category_2,shore,,,No,No,Sunny,,No,No,No,No bloom,
sample_0240,2025-06-11,2025-06-11T14:46,Mashapaug Pond,Category_2,shore,,,No,Yes,Partly_Cloudy,,Yes,No,Yes,No bloom,
sample_0241,2025-06-11,2025-06-11T15:32,Tongue Pond,Category_2,shore,,,No,No,Sunny,,No,No,No,No bloom,
sample_0242,2025-06-11,2025-06-11T14:00,Deep Spring Lake,Category_1,shore,,,No,No,Partly_Cloudy,,No,No,No,No bloom,
sample_0243,2025-06-11,2025-06-11T13:45,Cunliff Lake,Category_1,shore,,,No,Yes,Sunny,,Yes,No,Yes,No bloom,
sample_0244,2025-06-11,2025-06-11T15:07,Spectacle Pond,Category_2,shore,,,No,No,Sunny,,No,No,No,No bloom,
sample_0245,2025-06-11,2025-06-11T14:20,Fenner Pond,Category_1,shore,No photos found.,,Yes,No,Partly_Cloudy,,No,No,No,,
sample_0246,2025-06-18,2025-06-18T13:33,Fenner Pond,Category_1,shore,,,No,No,Overcast,,No,No,No,No bloom,
sample_0247,2025-06-18,2025-06-18T14:07,Mashapaug Pond,Category_2,shore,,,No,Yes,Overcast,,Yes,No,Yes,No bloom,
sample_0248,2025-06-18,2025-06-18T14:35,Spectacle Pond,Category_2,shore,,,No,No,Overcast,,Yes,No,No,No bloom,
sample_0249,2025-06-18,2025-06-18T14:54,Tongue Pond,Category_2,shore,,,No,No,Overcast,,No,No,No,No bloom,
sample_0250,2025-06-18,2025-06-18T15:24,Cunliff Lake,Category_1,shore,,,No,Yes,Overcast,,Yes,No,Yes,No bloom,
sample_0251,2025-06-18,2025-06-18T15:34,Deep Spring Lake,Category_1,shore,,,No,No,Overcast,,Yes,No,No,No bloom,
sample_0252,2025-06-18,2025-06-18T16:06,Polo Lake,Category_1,shore,,,No,Yes,Partly_Cloudy,,Yes,No,Yes,No bloom,
sample_0253,2025-06-18,2025-06-18T16:32,Roosevelt Lake,Category_1,shore,,,No,Yes,Partly_Cloudy,North,No,No,No,,
sample_0254,2025-06-20,2025-06-20T11:00,Roosevelt Lake,Category_1,center,Turbidity data not available.,,Yes,Yes,"Sunny,Windy",,Yes,No,No,No bloom,
sample_0255,2025-06-20,2025-06-20T11:11,Polo Lake,Category_1,center,Turbidity data not available.,,Yes,Yes,"Sunny,Windy",,Yes,No,No,No bloom,
sample_0256,2025-06-20,2025-06-20T11:24,Willow Lake,Category_1,center,Turbidity data not available.,,No,No,"Sunny,Windy",,Yes,No,Yes,No bloom,
sample_0257,2025-06-20,2025-06-20T11:35,Pleasure Lake,Category_1,center,Turbidity data not available.,,No,No,"Sunny,Windy",,Yes,No,No,No bloom,
sample_0258,2025-06-20,2025-06-20T11:51,Edgewood Lake,Category_1,center,Turbidity data not available.,,No,No,"Sunny,Windy",,Yes,No,No,No bloom,
sample_0259,2025-06-20,2025-06-20T12:00,Cunliff Lake,Category_1,center,Turbidity data not available.,,No,No,"Sunny,Windy",,Yes,No,No,No bloom,
sample_0260,2025-06-20,2025-06-20T12:25,Elm Lake,Category_1,center,Turbidity data not available.,,No,No,"Sunny,Windy",,Yes,No,No,No bloom,
sample_0261,2025-06-26,2025-06-26T11:00,Roosevelt Lake,Category_1,shore,,,Yes,Yes,"Rainy,Overcast",,No,No,No,No bloom,
sample_0262,2025-06-26,2025-06-26T11:14,Polo Lake,Category_1,shore,,,No,No,"Rainy,Overcast",,No,No,No,No bloom,
sample_0263,2025-06-26,2025-06-26T11:18,Cunliff Lake,Category_1,shore,,,No,Yes,"Rainy,Overcast",,No,No,Yes,No bloom,
sample_0264,2025-06-26,2025-06-26T11:35,Deep Spring Lake,Category_1,shore,,,No,No,"Rainy,Overcast",,No,No,No,No bloom,
sample_0265,2025-06-26,2025-06-26T11:46,Fenner Pond,Category_1,shore,,,No,No,"Rainy,Overcast",,No,No,No,No bloom,
sample_0266,2025-06-26,2025-06-26T12:13,Mashapaug Pond,Category_2,shore,,,No,No,Overcast,,No,No,Yes,No bloom,
sample_0267,2025-06-26,2025-06-26T12:34,Spectacle Pond,Category_2,shore,,,No,No,Overcast,,No,No,No,No bloom,
sample_0268,2025-06-26,2025-06-26T12:50,Tongue Pond,Category_2,shore,No images found.,,No,No,,,No,No,No,,
sample_0269,2025-06-27,2025-06-27T10:59,Roosevelt Lake,Category_1,center,,,No,,"Sunny,Partly_Cloudy",,,,,,
sample_0270,2025-06-27,2025-06-27T11:20,Polo Lake,Category_1,center,,,No,,"Sunny,Partly_Cloudy","South,South_West",Yes,No,No,Less than 50%,https://www.inaturalist.org/observations?on=2025-06-27&taxon_id=67334&user_id=isabellapeterson_10&verifiable=any
sample_0271,2025-06-27,2025-06-27T11:31,Willow Lake,Category_1,center,,,No,,"Sunny,Partly_Cloudy",,,,,,
sample_0272,2025-06-27,2025-06-27T11:42,Pleasure Lake,Category_1,center,,,,,"Sunny,Partly_Cloudy",,,,,,
sample_0273,2025-06-27,2025-06-27T11:59,Edgewood Lake,Category_1,center,,,,,"Sunny,Partly_Cloudy",,,,,,
sample_0274,2025-06-27,2025-06-27T12:13,Cunliff Lake,Category_1,center,,,,,"Sunny,Partly_Cloudy",,,,,,
sample_0275,2025-06-27,2025-06-27T12:30,Elm Lake,Category_1,center,,,,,"Sunny,Partly_Cloudy",,,,,,
sample_0276,2025-07-01,2025-07-01T09:55,Roosevelt Lake,Category_1,shore,,,No,Yes,"Overcast,Humid",North_East,Yes,No,No,Isolated to small sections,
sample_0277,2025-07-01,2025-07-01T10:10,Polo Lake,Category_1,shore,,,No,Yes,"Overcast,Humid",South_East,Yes,No,No,Isolated to small sections,https://www.inaturalist.org/observations?on=2025-07-01&subview=table&user_id=ipeterson_10&verifiable=any
sample_0278,2025-07-01,2025-07-01T10:38,Cunliff Lake,Category_1,shore,,,No,Yes,"Partly_Cloudy,Humid",,Yes,No,Yes,No bloom,
sample_0279,2025-07-01,2025-07-01T10:47,Deep Spring Lake,Category_1,shore,,,No,No,"Partly_Cloudy,Humid",,Yes,No,No,No bloom,
sample_0280,2025-07-01,2025-07-01T11:04,Fenner Pond,Category_1,shore,,,No,No,"Overcast,Humid",,No,No,No,No bloom,
sample_0281,2025-07-01,2025-07-01T11:19,Mashapaug Pond,Category_2,shore,,,No,Yes,"Overcast,Humid",,Yes,No,Yes,No bloom,
sample_0282,2025-07-01,2025-07-01T11:36,Spectacle Pond,Category_2,shore,,,No,No,"Overcast,Humid",,Yes,No,No,No bloom,
sample_0283,2025-07-01,2025-07-01T11:49,Tongue Pond,Category_2,shore,,,No,No,"Overcast,Humid",,Yes,No,No,No bloom,
sample_0284,2025-07-02,2025-07-02T10:47,Roosevelt Lake,Category_1,center,,,No,,"Overcast,Humid",,,,,,
sample_0285,2025-07-02,2025-07-02T11:10,Polo Lake,Category_1,center,,,No,,"Overcast,Humid",,,,,,
sample_0286,2025-07-02,2025-07-02T11:18,Willow Lake,Category_1,center,,,No,,"Overcast,Humid",,,,,,
sample_0287,2025-07-02,2025-07-02T11:27,Pleasure Lake,Category_1,center,,,No,,"Overcast,Humid",,,,,,
sample_0288,2025-07-02,2025-07-02T11:41,Edgewood Lake,Category_1,center,,,No,,"Overcast,Humid",,,,,,
sample_0289,2025-07-02,2025-07-02T11:53,Cunliff Lake,Category_1,center,,,No,,"Overcast,Humid",,,,,,
sample_0290,2025-07-02,2025-07-02T12:06,Elm Lake,Category_1,center,,,No,,,,,,,,
sample_0291,2025-07-08,2025-07-08T10:00,Roosevelt Lake,Category_1,center,,,No,Yes,"Sunny,Partly_Cloudy",,Yes,No,No,No bloom,
sample_0292,2025-07-08,2025-07-08T10:15,Polo Lake,Category_1,center,,,No,Yes,"Sunny,Partly_Cloudy",,No,No,Yes,No bloom,
sample_0293,2025-07-08,2025-07-08T10:16,Willow Lake,Category_1,center,,,No,Yes,"Sunny,Partly_Cloudy",,No,No,Yes,No bloom,
sample_0294,2025-07-08,2025-07-08T10:33,Pleasure Lake,Category_1,center,,,No,No,"Sunny,Partly_Cloudy",,No,No,Yes,No bloom,
sample_0295,2025-07-08,2025-07-08T10:48,Edgewood Lake,Category_1,center,,,No,No,"Sunny,Partly_Cloudy",North,No,No,No,Between 50-75%,
sample_0296,2025-07-08,2025-07-08T11:05,Cunliff Lake,Category_1,center,,,No,Yes,"Sunny,Partly_Cloudy",,No,No,Yes,No bloom,
sample_0297,2025-07-08,2025-07-08T11:18,Elm Lake,Category_1,center,,,No,No,"Sunny,Partly_Cloudy",,No,No,No,No bloom,
sample_0298,2025-07-09,2025-07-09T10:55,Roosevelt Lake,Category_1,shore,,,No,Yes,"Overcast,Humid",,No,No,No,No bloom,
sample_0299,2025-07-09,2025-07-09T11:09,Polo Lake,Category_1,shore,,,No,Yes,"Overcast,Humid",,No,No,No,No bloom,
sample_0300,2025-07-09,2025-07-09T11:18,Cunliff Lake,Category_1,shore,,,No,Yes,"Overcast,Humid",South,No,No,Yes,Less than 50%,https://www.inaturalist.org/observations?on=2025-07-09&user_id=ipeterson_10&verifiable=any
sample_0301,2025-07-09,2025-07-09T11:38,Deep Spring Lake,Category_1,shore,,,No,No,"Overcast,Humid",,No,No,No,No bloom,
sample_0302,2025-07-09,2025-07-09T11:48,Fenner Pond,Category_1,shore,,,No,No,"Overcast,Humid",,No,No,No,No bloom,
sample_0303,2025-07-09,2025-07-09T12:07,Mashapaug Pond,Category_2,shore,,,No,Yes,"Overcast,Humid",,No,No,Yes,No bloom,
sample_0304,2025-07-09,2025-07-09T12:19,Spectacle Pond,Category_2,shore,,,No,No,"Overcast,Humid",,No,No,No,No bloom,
sample_0305,2025-07-09,2025-07-09T12:30,Tongue Pond,Category_2,shore,,,No,No,"Overcast,Humid",,No,No,No,No bloom,
sample_0306,2025-07-15,2025-07-15T09:51,Roosevelt Lake,Category_1,shore,,,No,Yes,"Partly_Cloudy,Humid",East,No,No,No,Isolated to small sections,https://www.inaturalist.org/observations?nelat=41.785613827427106&nelng=-71.41015209475486&on=2025-07-15&subview=map&swlat=41.78162976087992&swlng=-71.42363824168174&user_id=ipeterson_10&verifiable=any
sample_0307,2025-07-15,2025-07-15T10:05,Polo Lake,Category_1,shore,,,No,Yes,Partly_Cloudy,South_East,No,No,No,Isolated to small sections,https://www.inaturalist.org/observations?nelat=41.78938966199439&nelng=-71.41015209475486&on=2025-07-15&subview=map&swlat=41.785789824657286&swlng=-71.42363824168174&user_id=ipeterson_10&verifiable=any
sample_0308,2025-07-15,2025-07-15T10:34,Cunliff Lake,Category_1,shore,,,Yes,Yes,Partly_Cloudy,South_West,No,No,Yes,No bloom,
sample_0309,2025-07-15,2025-07-15T10:41,Deep Spring Lake,Category_1,shore,,,No,No,"Sunny,Partly_Cloudy",North_East,No,No,No,No bloom,
sample_0310,2025-07-15,2025-07-15T11:09,Fenner Pond,Category_1,shore,,,No,No,"Sunny,Partly_Cloudy",South_West,No,No,No,No bloom,
sample_0311,2025-07-15,2025-07-15T11:25,Mashapaug Pond,Category_2,shore,,,No,Yes,"Sunny,Partly_Cloudy",West,No,No,Yes,No bloom,
sample_0312,2025-07-15,2025-07-15T11:38,Spectacle Pond,Category_2,shore,,,No,No,"Sunny,Partly_Cloudy",South_East,No,No,No,No bloom,
sample_0313,2025-07-15,2025-07-15T11:53,Tongue Pond,Category_2,shore,,,No,No,"Sunny,Partly_Cloudy",East,No,No,No,No bloom,
sample_0314,2025-07-16,2025-07-16T10:50,Roosevelt Lake,Category_1,center,Do not have image of panoramic view of water body,,No,Yes,Sunny,,No,No,No,No bloom,https://www.inaturalist.org/observations?nelat=41.7850480802915&nelng=-71.4154216&on=2025-07-15&swlat=41.7823501197085&swlng=-71.4185531&user_id=ipeterson_10&verifiable=any
sample_0315,2025-07-16,2025-07-16T11:15,Willow Lake,Category_1,center,,,No,No,Sunny,,Yes,No,No,No bloom,
sample_0316,2025-07-16,2025-07-16T11:30,Pleasure Lake,Category_1,center,,,No,No,Sunny,East,No,No,No,Less than 50%,
sample_0317,2025-07-16,2025-07-16T11:40,Polo Lake,Category_1,center,,,No,Yes,Sunny,,No,No,No,No bloom,https://www.inaturalist.org/observations?nelat=41.7882744302915&nelng=-71.41410726970848&on=2025-07-15&swlat=41.7855764697085&swlng=-71.4168052302915&user_id=ipeterson_10&verifiable=any
sample_0318,2025-07-16,2025-07-16T12:12,Cunliff Lake,Category_1,shore,Data collected on shore,,Yes,Yes,Sunny,"South,East,West",No,No,Yes,Between 50-75%,
sample_0319,2025-07-16,2025-07-16T12:30,Elm Lake,Category_1,shore,Data collected on shore,,Yes,No,Sunny,"South,South_East,South_West",No,No,No,Between 50-75%,
sample_0320,2025-07-16,2025-07-16T12:42,Edgewood Lake,Category_1,shore,Data collected on shore,,Yes,No,Sunny,,No,No,No,Between 50-75%,
sample_0321,2025-07-24,2025-07-24T09:42,Roosevelt Lake,Category_1,shore,,,Yes,Yes,Sunny,,Yes,No,No,No bloom,
sample_0322,2025-07-24,2025-07-24T09:55,Polo Lake,Category_1,shore,,,Yes,Yes,Sunny,,Yes,No,Yes,No bloom,
sample_0323,2025-07-24,2025-07-24T10:08,Cunliff Lake,Category_1,shore,,,Yes,Yes,Sunny,,Yes,No,Yes,No bloom,
sample_0324,2025-07-24,2025-07-24T10:17,Deep Spring Lake,Category_1,shore,,,Yes,No,Sunny,,Yes,No,No,No bloom,
sample_0325,2025-07-24,2025-07-24T10:39,Fenner Pond,Category_1,shore,,,No,No,Sunny,,Yes,No,No,No bloom,
sample_0326,2025-07-24,2025-07-24T11:02,Mashapaug Pond,Category_2,shore,,,No,Yes,Sunny,,Yes,No,Yes,No bloom,
sample_0327,2025-07-24,2025-07-24T11:15,Spectacle Pond,Category_2,shore,,,No,No,Sunny,,Yes,No,No,No bloom,
sample_0328,2025-07-24,2025-07-24T11:35,Tongue Pond,Category_2,shore,,,No,No,Sunny,,Yes,No,No,No bloom,
sample_0329,2025-07-25,2025-07-25T09:40,Roosevelt Lake,Category_1,shore,Done from shore,,Yes,,"Sunny,Partly_Cloudy",,,,,,
sample_0330,2025-07-25,2025-07-25T09:50,Willow Lake,Category_1,shore,Done from shore,,Yes,,"Sunny,Partly_Cloudy",,,,,,
sample_0331,2025-07-25,2025-07-25T10:00,Polo Lake,Category_1,shore,"Done from shore, ProDSS was touching bottom of pond",,Yes,,Sunny,,,,,,
sample_0332,2025-07-25,2025-07-25T10:18,Pleasure Lake,Category_1,shore,Done from shore,,Yes,,Sunny,,,,,,
sample_0333,2025-07-25,2025-07-25T10:32,Cunliff Lake,Category_1,shore,"Done from shore, murky green lake",,Yes,,Sunny,,,,,,
sample_0334,2025-07-25,2025-07-25T10:45,Elm Lake,Category_1,shore,"Done from shore, ProDSS was touching bottom of lake",,Yes,,Sunny,,,,,,
sample_0335,2025-07-25,2025-07-25T11:00,Edgewood Lake,Category_1,shore,Done from shore,,Yes,,Sunny,,,,,,
sample_0336,2025-07-29,2025-07-29T09:53,Roosevelt Lake,Category_1,shore,,,No,Yes,Sunny,,No,No,No,No bloom,
sample_0337,2025-07-29,2025-07-29T10:02,Polo Lake,Category_1,shore,,,Yes,No,Sunny,,No,No,No,No bloom,
sample_0338,2025-07-29,2025-07-29T10:17,Cunliff Lake,Category_1,shore,,,Yes,Yes,Sunny,,No,No,Yes,No bloom,
sample_0339,2025-07-29,2025-07-29T10:22,Deep Spring Lake,Category_1,shore,,,Yes,No,Sunny,,No,No,No,No bloom,
sample_0340,2025-07-29,2025-07-29T10:40,Fenner Pond,Category_1,shore,,,No,No,Sunny,,No,No,No,No bloom,
sample_0341,2025-07-29,2025-07-29T10:57,Mashapaug Pond,Category_2,shore,,,No,No,Sunny,,No,No,Yes,No bloom,
sample_0342,2025-07-29,2025-07-29T11:09,Spectacle Pond,Category_2,shore,,,No,No,Sunny,,No,No,No,No bloom,
sample_0343,2025-07-29,2025-07-29T11:21,Tongue Pond,Category_2,shore,,,No,No,Sunny,,No,No,No,No bloom,
sample_0344,2025-07-30,2025-07-30T10:45,Roosevelt Lake,Category_1,center,,,Yes,Yes,Sunny,,,,,,
sample_0345,2025-07-30,2025-07-30T11:00,Willow Lake,Category_1,center,,,Yes,,Sunny,,,,,,
sample_0346,2025-07-30,2025-07-30T11:08,Polo Lake,Category_1,center,,,Yes,,Sunny,,,,,,
sample_0347,2025-07-30,2025-07-30T11:26,Pleasure Lake,Category_1,center,,,Yes,,Sunny,,,,,,
sample_0348,2025-07-30,2025-07-30T11:40,Cunliff Lake,Category_1,center,,,Yes,,Sunny,,,,,,
sample_0349,2025-07-30,2025-07-30T11:50,Elm Lake,Category_1,center,,,Yes,,Sunny,,,,,,
sample_0350,2025-07-30,2025-07-30T12:06,Edgewood Lake,Category_1,center,,,Yes,,Sunny,,,,,,
sample_0351,2025-08-04,2025-08-04T09:54,Roosevelt Lake,Category_1,center,,,Yes,,"Sunny,Partly_Cloudy",,,,,,
sample_0352,2025-08-04,2025-08-04T10:14,Polo Lake,Category_1,center,,,Yes,,"Sunny,Partly_Cloudy",,,,,,
sample_0353,2025-08-04,2025-08-04T10:22,Willow Lake,Category_1,center,,,Yes,,"Sunny,Partly_Cloudy",,,,,,
sample_0354,2025-08-04,2025-08-04T10:32,Pleasure Lake,Category_1,center,,,Yes,,"Sunny,Partly_Cloudy",,,,,,
sample_0355,2025-08-04,2025-08-04T10:46,Edgewood Lake,Category_1,center,,,Yes,,"Sunny,Partly_Cloudy",,,,,,
sample_0356,2025-08-04,2025-08-04T11:02,Cunliff Lake,Category_1,center,,,Yes,,"Sunny,Partly_Cloudy",,,,,,
sample_0357,2025-08-04,2025-08-04T11:05,Elm Lake,Category_1,center,,,Yes,,"Sunny,Partly_Cloudy",,,,,,
sample_0358,2025-08-08,2025-08-08T10:52,Roosevelt Lake,Category_1,shore,,,Yes,Yes,Sunny,,No,No,No,No bloom,
sample_0359,2025-08-08,2025-08-08T11:13,Polo Lake,Category_1,shore,,,Yes,Yes,Sunny,,Yes,No,No,No bloom,
sample_0360,2025-08-08,2025-08-08T11:47,Cunliff Lake,Category_1,shore,,,Yes,Yes,Sunny,,No,No,Yes,Less than 50%,
sample_0361,2025-08-08,2025-08-08T12:51,Mashapaug Pond,Category_2,shore,,,No,Yes,Sunny,,No,No,Yes,No bloom,
sample_0362,2025-08-08,2025-08-08T13:03,Spectacle Pond,Category_2,shore,,,No,No,Sunny,,No,No,No,No bloom,
sample_0363,2025-08-08,2025-08-08T13:18,Tongue Pond,Category_2,shore,,,No,No,Sunny,,No,No,No,No bloom,
sample_0364,2025-08-08,2025-08-08T11:54,Deep Spring Lake,Category_1,shore,,,Yes,No,Sunny,East,No,No,No,Less than 50%,
sample_0365,2025-08-13,2025-08-13T13:03,Cunliff Lake,Category_1,shore,,,Yes,Yes,Partly_Cloudy,South,Yes,No,Yes,Isolated to small sections,
sample_0366,2025-08-13,2025-08-13T13:06,Deep Spring Lake,Category_1,shore,,,Yes,No,Partly_Cloudy,,Yes,No,No,No bloom,
sample_0367,2025-08-13,2025-08-13T13:29,Polo Lake,Category_1,shore,,,Yes,Yes,Partly_Cloudy,,Yes,No,Yes,No bloom,
sample_0368,2025-08-13,2025-08-13T13:50,Fenner Pond,Category_1,shore,,,Yes,No,"Sunny,Humid",,Yes,No,No,No bloom,
sample_0369,2025-08-13,2025-08-13T14:24,Tongue Pond,Category_2,shore,,,Yes,No,"Sunny,Humid",,No,No,No,No bloom,
sample_0370,2025-08-13,2025-08-13T14:36,Spectacle Pond,Category_2,shore,,,Yes,No,"Sunny,Humid",,Yes,No,No,No bloom,
sample_0371,2025-08-13,2025-08-13T14:44,Mashapaug Pond,Category_2,shore,,,Yes,Yes,"Sunny,Humid",,Yes,No,Yes,No bloom,
sample_0372,2025-08-14,2025-08-14T09:58,Roosevelt Lake,Category_1,center,,,Yes,Yes,Partly_Cloudy,,Yes,No,No,No bloom,
sample_0373,2025-08-14,2025-08-14T10:27,Polo Lake,Category_1,center,,,Yes,Yes,Partly_Cloudy,,Yes,No,No,No bloom,
sample_0374,2025-08-14,2025-08-14T10:41,Willow Lake,Category_1,center,,,Yes,No,Partly_Cloudy,,Yes,No,No,No bloom,
sample_0375,2025-08-14,2025-08-14T10:55,Pleasure Lake,Category_1,center,,,Yes,Yes,Partly_Cloudy,,Yes,No,No,No bloom,
sample_0376,2025-08-14,2025-08-14T11:15,Edgewood Lake,Category_1,center,,,Yes,No,Partly_Cloudy,,Yes,No,No,No bloom,
sample_0377,2025-08-14,2025-08-14T11:38,Cunliff Lake,Category_1,center,,,Yes,Yes,Partly_Cloudy,,Yes,No,No,No bloom,
sample_0378,2025-08-14,2025-08-14T11:57,Elm Lake,Category_1,center,,,Yes,Yes,Partly_Cloudy,,Yes,No,No,No bloom,
sample_0379,2025-08-19,2025-08-19T10:37,Roosevelt Lake,Category_1,shore,,,Yes,Yes,Overcast,,No,No,No,No bloom,
sample_0380,2025-08-19,2025-08-19T10:49,Polo Lake,Category_1,shore,,,Yes,Yes,Overcast,,Yes,No,No,No bloom,
sample_0381,2025-08-19,2025-08-19T11:08,Cunliff Lake,Category_1,shore,,,Yes,Yes,Overcast,,No,No,Yes,Isolated to small sections,
sample_0382,2025-08-19,2025-08-19T11:13,Deep Spring Lake,Category_1,shore,,,Yes,No,Overcast,,No,No,No,No bloom,
sample_0383,2025-08-19,2025-08-19T11:27,Fenner Pond,Category_1,shore,,,No,No,Overcast,,No,No,No,No bloom,
sample_0384,2025-08-19,2025-08-19T11:45,Mashapaug Pond,Category_2,shore,,,No,No,Sunny,,No,No,Yes,No bloom,
sample_0385,2025-08-19,2025-08-19T11:58,Spectacle Pond,Category_2,shore,,,No,No,Sunny,,No,No,No,No bloom,
sample_0386,2025-08-19,2025-08-19T12:16,Tongue Pond,Category_2,shore,,,No,No,Sunny,,No,No,No,No bloom,
sample_0387,2025-08-20,2025-08-20T10:12,Roosevelt Lake,Category_1,center,,,,,Overcast,,,,,,
sample_0388,2025-08-20,2025-08-20T10:33,Polo Lake,Category_1,center,,,,,Overcast,,Yes,No,,No bloom,
sample_0389,2025-08-20,2025-08-20T10:41,Willow Lake,Category_1,center,,,Yes,,Overcast,,Yes,No,,No bloom,
sample_0390,2025-08-20,2025-08-20T10:01,Pleasure Lake,Category_1,center,,,Yes,,Overcast,,Yes,No,,No bloom,
sample_0391,2025-08-20,2025-08-20T11:02,Cunliff Lake,Category_1,center,,,Yes,,Overcast,,No,No,,No bloom,
sample_0392,2025-08-20,2025-08-20T11:14,Elm Lake,Category_1,center,,,Yes,,Overcast,,Yes,No,,No bloom,
sample_0393,2025-08-20,2025-08-20T11:30,Edgewood Lake,Category_1,center,,,Yes,,Overcast,,No,No,,No bloom,
sample_0394,2025-08-13,2025-08-13T12:13,Roosevelt Lake,Category_1,shore,,,Yes,Yes,Overcast,,Yes,No,No,No bloom,
sample_0395,2025-08-25,2025-08-25T09:38,Roosevelt Lake,Category_1,shore,,,Yes,Yes,Partly_Cloudy,,Yes,No,No,No bloom,
sample_0396,2025-08-25,2025-08-25T09:51,Polo Lake,Category_1,shore,,,Yes,Yes,Partly_Cloudy,,Yes,No,No,No bloom,
sample_0397,2025-08-25,2025-08-25T10:03,Cunliff Lake,Category_1,shore,,,Yes,Yes,Partly_Cloudy,South,Yes,No,Yes,Isolated to small sections,
sample_0398,2025-08-25,2025-08-25T10:17,Deep Spring Lake,Category_1,shore,,,Yes,No,Sunny,,No,No,No,No bloom,
sample_0399,2025-08-25,2025-08-25T10:32,Fenner Pond,Category_1,shore,,,No,No,Sunny,,No,No,No,No bloom,
sample_0400,2025-08-25,2025-08-25T10:53,Mashapaug Pond,Category_2,shore,,,No,Yes,Sunny,,Yes,No,Yes,Isolated to small sections,https://www.inaturalist.org/observations?on=2025-08-25&user_id=ipeterson_10&verifiable=any
sample_0401,2025-08-25,2025-08-25T11:09,Spectacle Pond,Category_2,shore,,,No,No,Sunny,,Yes,No,No,No bloom,
sample_0402,2025-08-25,2025-08-25T11:23,Tongue Pond,Category_2,shore,,,No,No,Sunny,,Yes,No,No,No bloom,
sample_0403,2025-08-27,2025-08-27T11:27,Roosevelt Lake,Category_1,center,,,Yes,,Sunny,,Yes,No,No,No bloom,
sample_0404,2025-08-27,2025-08-27T11:44,Polo Lake,Category_1,center,,,Yes,,Sunny,,Yes,No,No,No bloom,
sample_0405,2025-08-27,2025-08-27T11:52,Willow Lake,Category_1,center,,,Yes,,Sunny,,Yes,No,No,No bloom,
sample_0406,2025-08-27,2025-08-27T12:01,Pleasure Lake,Category_1,center,,,Yes,,Sunny,,Yes,No,Yes,No bloom,
sample_0407,2025-08-27,2025-08-27T12:12,Edgewood Lake,Category_1,center,,,Yes,,Sunny,,No,No,No,Isolated to small sections,
sample_0408,2025-08-27,2025-08-27T12:31,Elm Lake,Category_1,center,,,Yes,,Sunny,,No,No,No,Isolated to small sections,
sample_0409,2025-08-27,2025-08-27T12:44,Cunliff Lake,Category_1,center,,,Yes,,"Sunny,Partly_Cloudy",,No,No,Yes,Isolated to small sections,
sample_0410,2025-09-02,2025-09-02T14:07,Roosevelt Lake,Category_1,shore,,,Yes,Yes,Partly_Cloudy,,No,No,No,No bloom,
sample_0411,2025-09-02,2025-09-02T14:14,Polo Lake,Category_1,shore,,,Yes,Yes,Partly_Cloudy,,Yes,No,No,No bloom,
sample_0412,2025-09-02,2025-09-02T14:34,Cunliff Lake,Category_1,shore,,,Yes,Yes,Partly_Cloudy,,No,No,Yes,No bloom,
sample_0413,2025-09-02,2025-09-02T14:41,Deep Spring Lake,Category_1,shore,,,Yes,No,Partly_Cloudy,,No,No,No,No bloom,
sample_0414,2025-09-02,2025-09-02T15:00,Fenner Pond,Category_1,shore,,,No,No,Partly_Cloudy,,No,No,No,No bloom,
sample_0415,2025-09-02,2025-09-02T15:23,Mashapaug Pond,Category_2,shore,,,No,Yes,Partly_Cloudy,,No,No,Yes,No bloom,
sample_0416,2025-09-02,2025-09-02T15:42,Spectacle Pond,Category_2,shore,,,No,No,Partly_Cloudy,,No,No,No,No bloom,
sample_0417,2025-09-02,2025-09-02T15:54,Tongue Pond,Category_2,shore,,,No,No,Partly_Cloudy,,No,No,No,No bloom,
sample_0418,2025-09-05,2025-09-05T11:20,Roosevelt Lake,Category_1,center,,,Yes,,Overcast,,Yes,No,No,No bloom,
sample_0419,2025-09-05,2025-09-05T11:41,Polo Lake,Category_1,center,,,Yes,,Overcast,,Yes,No,No,No bloom,
sample_0420,2025-09-05,2025-09-05T11:51,Willow Lake,Category_1,center,,,Yes,,Partly_Cloudy,,Yes,No,No,No bloom,
sample_0421,2025-09-05,2025-09-05T11:58,Pleasure Lake,Category_1,center,,,Yes,,Partly_Cloudy,,No,No,Yes,No bloom,
sample_0422,2025-09-05,2025-09-05T12:14,Edgewood Lake,Category_1,center,,,Yes,,Partly_Cloudy,,No,No,No,No bloom,
sample_0423,2025-09-05,2025-09-05T12:37,Elm Lake,Category_1,center,,,Yes,,Partly_Cloudy,,Yes,No,No,No bloom,
sample_0424,2025-09-05,2025-09-05T12:49,Cunliff Lake,Category_1,center,,,Yes,,Partly_Cloudy,,No,No,Yes,No bloom,
sample_0425,2025-09-09,2025-09-09T09:40,Roosevelt Lake,Category_1,shore,,,Yes,Yes,Sunny,,Yes,No,No,No bloom,
sample_0426,2025-09-09,2025-09-09T09:48,Polo Lake,Category_1,shore,,,Yes,Yes,Sunny,,Yes,No,No,No bloom,
sample_0427,2025-09-09,2025-09-09T10:01,Cunliff Lake,Category_1,shore,,,Yes,Yes,Sunny,South,Yes,No,Yes,Isolated to small sections,
sample_0428,2025-09-09,2025-09-09T10:08,Deep Spring Lake,Category_1,shore,,,Yes,No,Sunny,,Yes,No,Yes,No bloom,
sample_0429,2025-09-09,2025-09-09T10:22,Fenner Pond,Category_1,shore,,,No,No,Sunny,,No,No,No,No bloom,
sample_0430,2025-09-09,2025-09-09T10:45,Mashapaug Pond,Category_2,shore,,,No,Yes,Sunny,,No,No,Yes,No bloom,
sample_0431,2025-09-09,2025-09-09T11:01,Spectacle Pond,Category_2,shore,,,No,No,"Sunny,Windy",,No,No,No,No bloom,
sample_0432,2025-09-09,2025-09-09T11:15,Tongue Pond,Category_2,shore,,,No,No,"Sunny,Windy",,No,No,No,No bloom,
sample_0433,2025-09-10,2025-09-10T09:55,Roosevelt Lake,Category_1,center,,,Yes,No,"Windy,Overcast",,Yes,No,No,No bloom,
sample_0434,2025-09-10,2025-09-10T10:13,Polo Lake,Category_1,center,,,Yes,No,"Windy,Overcast",,No,No,No,No bloom,
sample_0435,2025-09-10,2025-09-10T10:55,Willow Lake,Category_1,center,,,Yes,No,"Windy,Overcast",,No,No,No,No bloom,
sample_0436,2025-09-10,2025-09-10T11:03,Pleasure Lake,Category_1,center,,,Yes,No,"Windy,Overcast",,Yes,No,No,No bloom,
sample_0437,2025-09-10,2025-09-10T11:14,Cunliff Lake,Category_1,center,,,Yes,No,Overcast,,Yes,No,No,No bloom,
sample_0438,2025-09-10,2025-09-10T11:23,Elm Lake,Category_1,center,,,Yes,No,"Windy,Overcast",,No,No,No,No bloom,
sample_0439,2025-09-10,2025-09-10T11:44,Edgewood Lake,Category_1,center,,,Yes,No,"Windy,Overcast",,No,No,No,Isolated to small sections,
sample_0440,2025-09-16,2025-09-16T11:18,Fenner Pond,Category_1,shore,,,No,No,"Sunny,Windy",,No,No,No,No bloom,
sample_0441,2025-09-16,2025-09-16T13:49,Spectacle Pond,Category_2,shore,,,No,No,"Sunny,Windy",,No,No,No,No bloom,
sample_0442,2025-09-16,2025-09-16T14:19,Tongue Pond,Category_2,shore,,,No,No,"Sunny,Windy",,No,No,No,No bloom,
sample_0443,2025-09-16,2025-09-16T11:40,Mashapaug Pond,Category_2,shore,,,No,No,"Sunny,Windy",,No,No,Yes,Isolated to small sections,
sample_0444,2025-09-16,2025-09-16T10:10,Roosevelt Lake,Category_1,shore,,,Yes,Yes,Sunny,,Yes,No,No,No bloom,
sample_0445,2025-09-16,2025-09-16T10:26,Polo Lake,Category_1,shore,,,Yes,No,Sunny,,Yes,No,No,No bloom,
sample_0446,2025-09-16,2025-09-16T10:42,Cunliff Lake,Category_1,shore,,,Yes,Yes,Sunny,South,Yes,No,Yes,Less than 50%,
sample_0447,2025-09-16,2025-09-16T10:50,Deep Spring Lake,Category_1,shore,,,Yes,Yes,Sunny,,No,No,No,No bloom,
sample_0448,2025-09-19,2025-09-19T11:23,Roosevelt Lake,Category_1,center,"Bloom observed on our way to Roosevelt, but not at the center.",,Yes,Yes,Sunny,,No,No,No,Isolated to small sections,
sample_0449,2025-09-19,2025-09-19T11:39,Polo Lake,Category_1,center,,,Yes,Yes,Sunny,,No,No,No,No bloom,
sample_0450,2025-09-19,2025-09-19T11:48,Willow Lake,Category_1,center,Bloom under bridge,,Yes,Yes,Sunny,,No,No,No,Isolated to small sections,
sample_0451,2025-09-19,2025-09-19T11:57,Pleasure Lake,Category_1,center,Bloom observed across boathouse in cove (this sample out of bloom).,,Yes,Yes,Sunny,,No,No,No,Less than 50%,
sample_0452,2025-09-19,2025-09-19T12:18,Edgewood Lake,Category_1,center,Bloom further downstream,,Yes,Yes,Sunny,,No,No,No,Isolated to small sections,
sample_0453,2025-09-19,2025-09-19T12:37,Cunliff Lake,Category_1,center,,,Yes,Yes,"Sunny,Windy",,No,No,No,No bloom,
sample_0454,2025-09-19,2025-09-19T12:47,Elm Lake,Category_1,center,,,Yes,Yes,"Sunny,Windy",,No,No,No,No bloom,
sample_0455,2025-09-19,2025-09-19T13:10,Pleasure Lake,Category_1,center,Heavy bloom across the boat house in Pleasure Lake - sampled in bloom directly. ProDSS data not taken.,,Yes,Yes,Sunny,"North,North_East,North_West",No,No,No,Less than 50%,
sample_0456,2025-09-22,2025-09-22T10:37,Roosevelt Lake,Category_1,shore,,,Yes,Yes,Partly_Cloudy,North,Yes,No,No,Isolated to small sections,
sample_0457,2025-09-22,2025-09-22T10:50,Polo Lake,Category_1,shore,,,Yes,No,Partly_Cloudy,,Yes,No,No,No bloom,
sample_0458,2025-09-22,2025-09-22T11:05,Cunliff Lake,Category_1,shore,,,Yes,Yes,Partly_Cloudy,South,Yes,No,Yes,Less than 50%,
sample_0459,2025-09-22,2025-09-22T11:15,Deep Spring Lake,Category_1,shore,,,Yes,No,Partly_Cloudy,,No,No,No,No bloom,
sample_0460,2025-09-22,2025-09-22T11:30,Fenner Pond,Category_1,shore,,,No,No,Partly_Cloudy,,Yes,No,No,No bloom,
sample_0461,2025-09-22,2025-09-22T11:55,Mashapaug Pond,Category_2,shore,,,No,No,Partly_Cloudy,,Yes,No,Yes,No bloom,
sample_0462,2025-09-22,2025-09-22T12:05,Spectacle Pond,Category_2,shore,,,No,No,Partly_Cloudy,East,Yes,No,No,Isolated to small sections,
sample_0463,2025-09-22,2025-09-22T12:35,Tongue Pond,Category_2,shore,,,No,No,Partly_Cloudy,,Yes,No,No,No bloom,
sample_0464,2025-09-26,2025-09-26T13:20,Roosevelt Lake,Category_1,center,,,Yes,,Sunny,,Yes,No,No,No bloom,
sample_0465,2025-09-26,2025-09-26T13:35,Polo Lake,Category_1,center,,,Yes,,Sunny,,Yes,No,No,No bloom,
sample_0466,2025-09-26,2025-09-26T13:45,Willow Lake,Category_1,center,,,Yes,,Partly_Cloudy,,Yes,No,No,No bloom,
sample_0467,2025-09-26,2025-09-26T13:50,Pleasure Lake,Category_1,center,,,Yes,,Partly_Cloudy,,No,No,Yes,No bloom,
sample_0468,2025-09-26,2025-09-26T14:05,Edgewood Lake,Category_1,center,,,Yes,,Partly_Cloudy,,No,Yes,No,Between 50-75%,
sample_0469,2025-09-26,2025-09-26T14:30,Elm Lake,Category_1,center,,,Yes,,Partly_Cloudy,,No,No,No,No bloom,
sample_0470,2025-09-26,2025-09-26T14:40,Cunliff Lake,Category_1,center,,,Yes,,Partly_Cloudy,,No,No,Yes,No bloom,
sample_0471,2025-10-02,2025-10-02T08:40,Roosevelt Lake,Category_1,shore,,,Yes,Yes,Sunny,,Yes,No,No,No bloom,
sample_0472,2025-10-02,2025-10-02T09:17,Cunliff Lake,Category_1,shore,,,Yes,Yes,Sunny,,Yes,No,Yes,No bloom,
sample_0473,2025-10-02,2025-10-02T09:26,Deep Spring Lake,Category_1,shore,,,Yes,No,Sunny,,Yes,No,No,No bloom,
sample_0474,2025-10-02,2025-10-02T09:45,Fenner Pond,Category_1,shore,,,No,No,Sunny,,Yes,No,No,No bloom,
sample_0475,2025-10-02,2025-10-02T10:11,Mashapaug Pond,Category_2,shore,,,No,No,Sunny,,Yes,No,Yes,No bloom,
sample_0476,2025-10-02,2025-10-02T10:27,Spectacle Pond,Category_2,shore,,,No,No,Sunny,,Yes,No,No,No bloom,
sample_0477,2025-10-02,2025-10-02T10:50,Tongue Pond,Category_2,shore,,,No,No,Sunny,,Yes,No,No,No bloom,
sample_0478,2025-10-02,2025-10-02T08:57,Polo Lake,Category_1,shore,,,Yes,No,Sunny,,Yes,No,No,No bloom,
sample_0479,2025-10-02,2025-10-02T11:32,Roosevelt Lake,Category_1,center,,,Yes,Yes,"Sunny,Windy",,Yes,No,No,No bloom,
sample_0480,2025-10-02,2025-10-02T11:50,Polo Lake,Category_1,center,,,Yes,Yes,Sunny,,No,No,No,No bloom,
sample_0481,2025-10-02,2025-10-02T12:00,Willow Lake,Category_1,center,,,Yes,Yes,Sunny,,Yes,No,No,No bloom,
sample_0482,2025-10-02,2025-10-02T12:10,Pleasure Lake,Category_1,center,,,Yes,Yes,"Sunny,Windy",,No,No,Yes,No bloom,
sample_0483,2025-10-02,2025-10-02T12:20,Cunliff Lake,Category_1,center,,,Yes,Yes,"Sunny,Windy",,No,No,No,No bloom,
sample_0484,2025-10-02,2025-10-02T12:33,Elm Lake,Category_1,center,,,Yes,Yes,Sunny,,No,No,No,No bloom,
sample_0485,2025-10-02,2025-10-02T12:55,Edgewood Lake,Category_1,center,,,Yes,Yes,"Sunny,Windy",,No,No,No,No bloom,
sample_0486,2025-10-09,2025-10-09T10:39,Roosevelt Lake,Category_1,shore,,,Yes,Yes,"Sunny,Windy",,No,No,No,No bloom,
sample_0487,2025-10-09,2025-10-09T10:47,Polo Lake,Category_1,shore,,,Yes,Yes,"Sunny,Windy",,No,No,No,No bloom,
sample_0488,2025-10-09,2025-10-09T10:56,Cunliff Lake,Category_1,shore,,,Yes,Yes,"Sunny,Windy",,No,No,Yes,No bloom,
sample_0489,2025-10-09,2025-10-09T11:03,Deep Spring Lake,Category_1,shore,,,Yes,No,"Sunny,Windy",,No,No,No,No bloom,
sample_0490,2025-10-09,2025-10-09T11:15,Fenner Pond,Category_1,shore,,,No,No,"Sunny,Windy",,No,No,No,No bloom,
sample_0491,2025-10-09,2025-10-09T11:33,Mashapaug Pond,Category_2,shore,,,Yes,Yes,"Sunny,Windy",,No,No,Yes,No bloom,
sample_0492,2025-10-09,2025-10-09T11:44,Spectacle Pond,Category_2,shore,,,No,No,"Sunny,Windy",,No,No,No,No bloom,
sample_0493,2025-10-09,2025-10-09T11:59,Tongue Pond,Category_2,shore,,,No,No,"Sunny,Windy",,No,No,No,No bloom,
sample_0494,2025-10-10,2025-10-10T13:23,Roosevelt Lake,Category_1,center,,,Yes,Yes,Sunny,,No,No,No,No bloom,
sample_0495,2025-10-10,2025-10-10T13:40,Polo Lake,Category_1,center,,,Yes,Yes,Sunny,,No,No,No,No bloom,
sample_0496,2025-10-10,2025-10-10T13:48,Willow Lake,Category_1,center,,,Yes,Yes,Sunny,,No,No,No,No bloom,
sample_0497,2025-10-10,2025-10-10T13:57,Pleasure Lake,Category_1,center,,,Yes,Yes,Sunny,,No,No,No,No bloom,
sample_0498,2025-10-10,2025-10-10T14:17,Edgewood Lake,Category_1,center,,,Yes,Yes,Sunny,,No,No,No,No bloom,
sample_0499,2025-10-10,2025-10-10T14:32,Elm Lake,Category_1,center,,,Yes,Yes,Sunny,,No,No,No,No bloom,
sample_0500,2025-10-10,2025-10-10T14:23,Cunliff Lake,Category_1,center,,,Yes,Yes,Sunny,,No,No,Yes,No bloom,
sample_0501,2025-10-15,2025-10-15T09:52,Roosevelt Lake,Category_1,center,,,Yes,,"Sunny,Overcast","North,South,East,West,North_East,North_West,South_East,South_West",Yes,No,No,Between 50-75%,
sample_0502,2025-10-15,2025-10-15T10:10,Polo Lake,Category_1,center,,,Yes,,Overcast,,No,No,No,No bloom,
sample_0503,2025-10-15,2025-10-15T10:17,Willow Lake,Category_1,center,,,Yes,,Overcast,,No,No,No,No bloom,
sample_0504,2025-10-15,2025-10-15T10:25,Pleasure Lake,Category_1,center,,,Yes,,Overcast,,No,No,No,No bloom,
sample_0505,2025-10-15,2025-10-15T10:39,Edgewood Lake,Category_1,center,,,Yes,,"Sunny,Rainy,Partly_Cloudy",,No,No,No,No bloom,
sample_0506,2025-10-15,2025-10-15T10:54,Elm Lake,Category_1,center,,,Yes,,"Sunny,Rainy,Partly_Cloudy",,No,No,No,No bloom,
sample_0507,2025-10-15,2025-10-15T11:10,Cunliff Lake,Category_1,center,,,Yes,,"Sunny,Windy,Partly_Cloudy",,No,No,No,No bloom,
sample_0508,2025-10-16,2025-10-16T12:35,Roosevelt Lake,Category_1,shore,,,Yes,Yes,"Sunny,Windy",,Yes,No,No,No bloom,
sample_0509,2025-10-16,2025-10-16T12:43,Polo Lake,Category_1,shore,,,Yes,No,"Sunny,Windy",,Yes,No,No,No bloom,
sample_0510,2025-10-16,2025-10-16T12:58,Cunliff Lake,Category_1,shore,,,Yes,Yes,"Sunny,Windy",,Yes,No,Yes,No bloom,
sample_0511,2025-10-16,2025-10-16T13:05,Deep Spring Lake,Category_1,shore,,,Yes,No,"Sunny,Windy",,Yes,No,No,No bloom,
sample_0512,2025-10-16,2025-10-16T13:17,Fenner Pond,Category_1,shore,,,No,No,"Sunny,Windy",,Yes,No,No,No bloom,
sample_0513,2025-10-16,2025-10-16T13:38,Mashapaug Pond,Category_2,shore,,,Yes,Yes,"Sunny,Windy",,Yes,No,Yes,No bloom,
sample_0514,2025-10-16,2025-10-16T13:56,Spectacle Pond,Category_2,shore,,,No,No,"Sunny,Windy",,Yes,No,No,No bloom,
sample_0515,2025-10-16,2025-10-16T14:12,Tongue Pond,Category_2,shore,,,No,No,"Sunny,Windy",,Yes,No,No,No bloom,
sample_0516,2025-10-23,2025-10-23T12:12,Roosevelt Lake,Category_1,shore,,,Yes,Yes,"Windy,Partly_Cloudy",West,No,No,No,Isolated to small sections,
sample_0517,2025-10-23,2025-10-23T12:24,Polo Lake,Category_1,shore,,,Yes,Yes,"Sunny,Windy,Partly_Cloudy",,No,No,No,No bloom,
sample_0518,2025-10-23,2025-10-23T12:47,Cunliff Lake,Category_1,shore,,,Yes,Yes,"Sunny,Windy,Partly_Cloudy",,No,No,Yes,No bloom,
sample_0519,2025-10-23,2025-10-23T12:50,Deep Spring Lake,Category_1,shore,,,Yes,Yes,"Sunny,Windy,Partly_Cloudy",,No,No,No,No bloom,
sample_0520,2025-10-23,2025-10-23T13:04,Fenner Pond,Category_1,shore,,,No,No,"Sunny,Partly_Cloudy",,Yes,No,No,No bloom,
sample_0521,2025-10-23,2025-10-23T13:26,Mashapaug Pond,Category_2,shore,,,Yes,Yes,"Sunny,Partly_Cloudy",,Yes,No,Yes,No bloom,
sample_0522,2025-10-23,2025-10-23T13:42,Spectacle Pond,Category_2,shore,,,No,No,"Sunny,Partly_Cloudy",,Yes,No,No,No bloom,
sample_0523,2025-10-23,2025-10-23T13:56,Tongue Pond,Category_2,shore,,,No,No,"Sunny,Partly_Cloudy",,Yes,No,No,No bloom,
sample_0524,2025-10-23,2025-10-23T09:53,Roosevelt Lake,Category_1,center,,,Yes,,Partly_Cloudy,,Yes,No,No,No bloom,
sample_0525,2025-10-23,2025-10-23T10:07,Polo Lake,Category_1,center,,,Yes,,Sunny,,No,No,No,No bloom,
sample_0526,2025-10-23,2025-10-23T10:15,Willow Lake,Category_1,center,,,Yes,,"Sunny,Windy",,No,No,No,No bloom,
sample_0527,2025-10-23,2025-10-23T10:23,Pleasure Lake,Category_1,center,,,Yes,,Sunny,,No,No,No,No bloom,
sample_0528,2025-10-23,2025-10-23T10:35,Edgewood Lake,Category_1,center,,,Yes,,Sunny,,No,No,No,No bloom,
sample_0529,2025-10-23,2025-10-23T10:53,Elm Lake,Category_1,center,,,Yes,,Partly_Cloudy,,No,No,No,No bloom,
sample_0530,2025-10-23,2025-10-23T10:40,Cunliff Lake,Category_1,center,,,Yes,,"Sunny,Windy",,Yes,No,Yes,No bloom,
sample_0531,2025-10-30,2025-10-30T10:35,Roosevelt Lake,Category_1,shore,,,Yes,Yes,Overcast,,No,No,No,No bloom,
sample_0532,2025-10-30,2025-10-30T10:45,Polo Lake,Category_1,shore,,,Yes,Yes,Overcast,,No,No,No,No bloom,
sample_0533,2025-10-30,2025-10-30T11:00,Cunliff Lake,Category_1,shore,,,Yes,Yes,Overcast,,No,No,Yes,,
sample_0534,2025-10-30,2025-10-30T11:08,Deep Spring Lake,Category_1,shore,,,Yes,No,Overcast,,No,No,No,No bloom,
sample_0535,2025-10-30,2025-10-30T11:22,Fenner Pond,Category_1,shore,,,No,No,Overcast,,No,No,No,No bloom,
sample_0536,2025-10-30,2025-10-30T11:42,Mashapaug Pond,Category_2,shore,,,Yes,Yes,Overcast,,No,No,Yes,Isolated to small sections,
sample_0537,2025-10-30,2025-10-30T11:56,Spectacle Pond,Category_2,shore,,,No,No,Overcast,,No,No,No,No bloom,
sample_0538,2025-10-30,2025-10-30T12:14,Tongue Pond,Category_2,shore,,,No,No,"Windy,Overcast",,No,No,No,No bloom,
sample_0539,2025-10-29,2025-10-29T14:15,Roosevelt Lake,Category_1,center,,,Yes,,"Windy,Overcast",,No,No,No,No bloom,
sample_0540,2025-10-29,2025-10-29T14:30,Polo Lake,Category_1,center,,,Yes,,"Windy,Partly_Cloudy,Overcast",,No,No,No,No bloom,
sample_0541,2025-10-29,2025-10-29T14:40,Willow Lake,Category_1,center,"Looks like organic sheen/pollen, maybe some striations/light bloom/wisps",,Yes,,"Windy,Partly_Cloudy,Overcast",,No,No,No,No bloom,
sample_0542,2025-10-29,2025-10-29T14:50,Pleasure Lake,Category_1,center,,,Yes,,"Windy,Partly_Cloudy,Overcast",,No,No,No,No bloom,
sample_0543,2025-10-29,2025-10-29T14:59,Cunliff Lake,Category_1,center,,,No,,"Windy,Partly_Cloudy,Overcast",,No,No,No,No bloom,
sample_0544,2025-10-29,2025-10-29T15:11,Elm Lake,Category_1,center,,,No,,"Windy,Partly_Cloudy,Overcast",,No,No,No,No bloom,
sample_0545,2025-10-29,2025-10-29T15:30,Edgewood Lake,Category_1,center,,,Yes,,"Windy,Partly_Cloudy,Overcast",,No,No,No,No bloom,
